"DESCRIPTION","DURATION IN MS","NAME","PARENT SUITE","START TIME","STATUS","STOP TIME","SUB SUITE","SUITE","TEST CLASS","TEST METHOD"
"","21402","5 Candidate keywords workflow","webkit","2026-06-01","passed","2026-06-01","Recruitment Functional Testing","tests/recruitment/recruitment.spec.js","",""
"","17206","12 Browser back after logout should not restore dashboard","webkit","2026-06-01","passed","2026-06-01","Authentication Functional Testing","tests/auth/auth.spec.js","",""
"","7790","8 Add user required validation workflow","webkit","2026-06-01","passed","2026-06-01","Admin Functional Testing","tests/admin/admin.spec.js","",""
"","31490","15 Add employee login details required validation","chromium","2026-06-01","passed","2026-06-01","PIM Important Functional Testing","tests/pim/pim.spec.js","",""
"","13093","10 Tracker employee autocomplete workflow","firefox","2026-06-01","passed","2026-06-01","Performance Functional Testing","tests/performance/performance.spec.js","",""
"","16909","15 Add user form combined input workflow","webkit","2026-06-01","passed","2026-06-01","Admin Functional Testing","tests/admin/admin.spec.js","",""
"","8742","15 Review page form visibility workflow","firefox","2026-06-01","passed","2026-06-01","Performance Functional Testing","tests/performance/performance.spec.js","",""
"","12069","4 User role dropdown filter workflow","webkit","2026-06-01","passed","2026-06-01","Admin Functional Testing","tests/admin/admin.spec.js","",""
"","17347","10 Dependent relationship dropdown workflow","chromium","2026-06-01","passed","2026-06-01","My Info Functional Testing","tests/myinfo/myinfo.spec.js","",""
"","19305","10 Candidate vacancy filter workflow","chromium","2026-06-01","passed","2026-06-01","Recruitment Functional Testing","tests/recruitment/recruitment.spec.js","",""
"","16680","12 Password mismatch validation workflow","chromium","2026-06-01","passed","2026-06-01","Admin Functional Testing","tests/admin/admin.spec.js","",""
"","14164","2 Add employee with login details","chromium","2026-06-01","passed","2026-06-01","PIM Important Functional Testing","tests/pim/pim.spec.js","",""
"","29671","13 Add employee attachment","webkit","2026-06-01","passed","2026-06-01","PIM Important Functional Testing","tests/pim/pim.spec.js","",""
"","48186","14 Vacancy job title dropdown workflow","webkit","2026-06-01","passed","2026-06-01","Recruitment Functional Testing","tests/recruitment/recruitment.spec.js","",""
"","9238","9 Tracker name input workflow","chromium","2026-06-01","passed","2026-06-01","Performance Functional Testing","tests/performance/performance.spec.js","",""
"","2214","15 Assign leave comment workflow","firefox","2026-06-01","passed","2026-06-01","Leave Functional Testing","tests/leave/leave.spec.js","",""
"","2035","8 My leave reset workflow","webkit","2026-06-01","passed","2026-06-01","Leave Functional Testing","tests/leave/leave.spec.js","",""
"","19518","8 Project report required validation workflow","webkit","2026-06-01","passed","2026-06-01","Time Functional Testing","tests/time/time.spec.js","",""
"","32895","9 Edit dependent details","webkit","2026-06-01","passed","2026-06-01","PIM Important Functional Testing","tests/pim/pim.spec.js","",""
"","1717","7 My leave search workflow","webkit","2026-06-01","passed","2026-06-01","Leave Functional Testing","tests/leave/leave.spec.js","",""
"","7538","15 Add employee login details required validation","webkit","2026-06-01","passed","2026-06-01","PIM Important Functional Testing","tests/pim/pim.spec.js","",""
"","23369","6 Attendance punch note workflow","firefox","2026-06-01","passed","2026-06-01","Time Functional Testing","tests/time/time.spec.js","",""
"","6083","10 Direct dashboard access without login","chromium","2026-06-01","passed","2026-06-01","Authentication Functional Testing","tests/auth/auth.spec.js","",""
"","7977","2 Valid login using keyboard Enter","chromium","2026-06-01","passed","2026-06-01","Authentication Functional Testing","tests/auth/auth.spec.js","",""
"","605","15 Assign leave comment workflow","webkit","2026-06-01","passed","2026-06-01","Leave Functional Testing","tests/leave/leave.spec.js","",""
"","14691","5 Contact street update workflow","firefox","2026-06-01","passed","2026-06-01","My Info Functional Testing","tests/myinfo/myinfo.spec.js","",""
"","21902","12 Browser back after logout should not restore dashboard","chromium","2026-06-01","passed","2026-06-01","Authentication Functional Testing","tests/auth/auth.spec.js","",""
"","7415","10 Add user role dropdown workflow","webkit","2026-06-01","passed","2026-06-01","Admin Functional Testing","tests/admin/admin.spec.js","",""
"","16018","12 Vacancy required validation workflow","firefox","2026-06-01","passed","2026-06-01","Recruitment Functional Testing","tests/recruitment/recruitment.spec.js","",""
"","37420","13 Vacancy name input workflow","webkit","2026-06-01","passed","2026-06-01","Recruitment Functional Testing","tests/recruitment/recruitment.spec.js","",""
"","12211","13 Review employee autocomplete workflow","chromium","2026-06-01","passed","2026-06-01","Performance Functional Testing","tests/performance/performance.spec.js","",""
"","13631","13 Attendance summary employee autocomplete workflow","chromium","2026-06-01","passed","2026-06-01","Time Functional Testing","tests/time/time.spec.js","",""
"","16766","1 Employee timesheet required validation workflow","chromium","2026-06-01","passed","2026-06-01","Time Functional Testing","tests/time/time.spec.js","",""
"","14192","13 Review employee autocomplete workflow","firefox","2026-06-01","passed","2026-06-01","Performance Functional Testing","tests/performance/performance.spec.js","",""
"","8611","6 KPI clear and rewrite name workflow","firefox","2026-06-01","passed","2026-06-01","Performance Functional Testing","tests/performance/performance.spec.js","",""
"","12957","3 Nationality dropdown workflow","webkit","2026-06-01","passed","2026-06-01","My Info Functional Testing","tests/myinfo/myinfo.spec.js","",""
"","11281","2 Valid login using keyboard Enter","firefox","2026-06-01","passed","2026-06-01","Authentication Functional Testing","tests/auth/auth.spec.js","",""
"","406","14 Assign leave employee input workflow","webkit","2026-06-01","passed","2026-06-01","Leave Functional Testing","tests/leave/leave.spec.js","",""
"","1398","3 Apply leave comment workflow","webkit","2026-06-01","passed","2026-06-01","Leave Functional Testing","tests/leave/leave.spec.js","",""
"","8722","7 Combined user role and status workflow","chromium","2026-06-01","passed","2026-06-01","Admin Functional Testing","tests/admin/admin.spec.js","",""
"","6486","8 Clear wrong credentials and login again","chromium","2026-06-01","passed","2026-06-01","Authentication Functional Testing","tests/auth/auth.spec.js","",""
"","8594","2 Update other id workflow","firefox","2026-06-01","passed","2026-06-01","My Info Functional Testing","tests/myinfo/myinfo.spec.js","",""
"","4282","6 Empty username and valid password validation","firefox","2026-06-01","passed","2026-06-01","Authentication Functional Testing","tests/auth/auth.spec.js","",""
"","6741","9 Multiple invalid login attempts","webkit","2026-06-01","passed","2026-06-01","Authentication Functional Testing","tests/auth/auth.spec.js","",""
"","7108","15 Review page form visibility workflow","webkit","2026-06-01","passed","2026-06-01","Performance Functional Testing","tests/performance/performance.spec.js","",""
"","8438","14 Add employee login password mismatch validation","webkit","2026-06-01","passed","2026-06-01","PIM Important Functional Testing","tests/pim/pim.spec.js","",""
"","11947","1 Add employee with mandatory details","webkit","2026-06-01","passed","2026-06-01","PIM Important Functional Testing","tests/pim/pim.spec.js","",""
"","36944","13 Add employee attachment","chromium","2026-06-01","passed","2026-06-01","PIM Important Functional Testing","tests/pim/pim.spec.js","",""
"","7738","8 Add user required validation workflow","firefox","2026-06-01","passed","2026-06-01","Admin Functional Testing","tests/admin/admin.spec.js","",""
"","24435","6 Candidate consent checkbox workflow","webkit","2026-06-01","passed","2026-06-01","Recruitment Functional Testing","tests/recruitment/recruitment.spec.js","",""
"","10561","1 Valid login using click","webkit","2026-06-01","passed","2026-06-01","Authentication Functional Testing","tests/auth/auth.spec.js","",""
"","16221","13 Vacancy name input workflow","firefox","2026-06-01","passed","2026-06-01","Recruitment Functional Testing","tests/recruitment/recruitment.spec.js","",""
"","6524","9 Multiple invalid login attempts","chromium","2026-06-01","passed","2026-06-01","Authentication Functional Testing","tests/auth/auth.spec.js","",""
"","9285","14 Attendance summary job title dropdown workflow","chromium","2026-06-01","passed","2026-06-01","Time Functional Testing","tests/time/time.spec.js","",""
"","9806","10 Tracker employee autocomplete workflow","chromium","2026-06-01","passed","2026-06-01","Performance Functional Testing","tests/performance/performance.spec.js","",""
"","38851","7 Edit emergency contact","webkit","2026-06-01","passed","2026-06-01","PIM Important Functional Testing","tests/pim/pim.spec.js","",""
"","20201","8 Candidate clear and rewrite workflow","webkit","2026-06-01","passed","2026-06-01","Recruitment Functional Testing","tests/recruitment/recruitment.spec.js","",""
"","44515","8 Candidate clear and rewrite workflow","chromium","2026-06-01","passed","2026-06-01","Recruitment Functional Testing","tests/recruitment/recruitment.spec.js","",""
"","9225","6 Candidate consent checkbox workflow","firefox","2026-06-01","passed","2026-06-01","Recruitment Functional Testing","tests/recruitment/recruitment.spec.js","",""
"","6000","10 Dependent relationship dropdown workflow","webkit","2026-06-01","passed","2026-06-01","My Info Functional Testing","tests/myinfo/myinfo.spec.js","",""
"","518","13 Assign leave page access workflow","webkit","2026-06-01","passed","2026-06-01","Leave Functional Testing","tests/leave/leave.spec.js","",""
"","11108","4 Marital status dropdown workflow","webkit","2026-06-01","passed","2026-06-01","My Info Functional Testing","tests/myinfo/myinfo.spec.js","",""
"","6765","6 Contact city update workflow","webkit","2026-06-01","passed","2026-06-01","My Info Functional Testing","tests/myinfo/myinfo.spec.js","",""
"","10366","1 KPI required validation workflow","chromium","2026-06-01","passed","2026-06-01","Performance Functional Testing","tests/performance/performance.spec.js","",""
"","12852","13 Reload login page and login again","webkit","2026-06-01","passed","2026-06-01","Authentication Functional Testing","tests/auth/auth.spec.js","",""
"","9558","4 KPI minimum rating input workflow","chromium","2026-06-01","passed","2026-06-01","Performance Functional Testing","tests/performance/performance.spec.js","",""
"","1902","6 My leave date input workflow","chromium","2026-06-01","passed","2026-06-01","Leave Functional Testing","tests/leave/leave.spec.js","",""
"","18505","12 Vacancy required validation workflow","chromium","2026-06-01","passed","2026-06-01","Recruitment Functional Testing","tests/recruitment/recruitment.spec.js","",""
"","10721","5 Status dropdown filter workflow","webkit","2026-06-01","passed","2026-06-01","Admin Functional Testing","tests/admin/admin.spec.js","",""
"","5780","11 Immigration required validation workflow","firefox","2026-06-01","passed","2026-06-01","My Info Functional Testing","tests/myinfo/myinfo.spec.js","",""
"","2511","4 Apply leave clear and rewrite comment workflow","chromium","2026-06-01","passed","2026-06-01","Leave Functional Testing","tests/leave/leave.spec.js","",""
"","20682","6 Attendance punch note workflow","webkit","2026-06-01","passed","2026-06-01","Time Functional Testing","tests/time/time.spec.js","",""
"","17391","2 Add employee with login details","webkit","2026-06-01","passed","2026-06-01","PIM Important Functional Testing","tests/pim/pim.spec.js","",""
"","18569","14 Add user employee autocomplete workflow","webkit","2026-06-01","passed","2026-06-01","Admin Functional Testing","tests/admin/admin.spec.js","",""
"","10672","15 Failed login followed by successful login","webkit","2026-06-01","passed","2026-06-01","Authentication Functional Testing","tests/auth/auth.spec.js","",""
"","20312","2 Employee autocomplete timesheet workflow","chromium","2026-06-01","passed","2026-06-01","Time Functional Testing","tests/time/time.spec.js","",""
"","22265","4 Edit employee personal details","chromium","2026-06-01","passed","2026-06-01","PIM Important Functional Testing","tests/pim/pim.spec.js","",""
"","2909","10 Direct dashboard access without login","webkit","2026-06-01","passed","2026-06-01","Authentication Functional Testing","tests/auth/auth.spec.js","",""
"","2325","1 Apply leave validation workflow","webkit","2026-06-01","passed","2026-06-01","Leave Functional Testing","tests/leave/leave.spec.js","",""
"","10814","7 Combined user role and status workflow","firefox","2026-06-01","passed","2026-06-01","Admin Functional Testing","tests/admin/admin.spec.js","",""
"","25620","7 Attendance punch button workflow","webkit","2026-06-01","passed","2026-06-01","Time Functional Testing","tests/time/time.spec.js","",""
"","12225","15 Add employee login details required validation","firefox","2026-06-01","passed","2026-06-01","PIM Important Functional Testing","tests/pim/pim.spec.js","",""
"","36788","12 Add immigration details","firefox","2026-06-01","passed","2026-06-01","PIM Important Functional Testing","tests/pim/pim.spec.js","",""
"","30028","14 Vacancy job title dropdown workflow","firefox","2026-06-01","passed","2026-06-01","Recruitment Functional Testing","tests/recruitment/recruitment.spec.js","",""
"","21448","14 Add user employee autocomplete workflow","chromium","2026-06-01","passed","2026-06-01","Admin Functional Testing","tests/admin/admin.spec.js","",""
"","1884","15 Assign leave comment workflow","chromium","2026-06-01","passed","2026-06-01","Leave Functional Testing","tests/leave/leave.spec.js","",""
"","13081","6 Employee autocomplete workflow","webkit","2026-06-01","passed","2026-06-01","Admin Functional Testing","tests/admin/admin.spec.js","",""
"","23025","12 Add immigration details","webkit","2026-06-01","passed","2026-06-01","PIM Important Functional Testing","tests/pim/pim.spec.js","",""
"","27775","6 Add emergency contact","chromium","2026-06-01","passed","2026-06-01","PIM Important Functional Testing","tests/pim/pim.spec.js","",""
"","42891","10 Update job details","webkit","2026-06-01","passed","2026-06-01","PIM Important Functional Testing","tests/pim/pim.spec.js","",""
"","10830","9 Multiple invalid login attempts","firefox","2026-06-01","passed","2026-06-01","Authentication Functional Testing","tests/auth/auth.spec.js","",""
"","7354","10 Add user role dropdown workflow","firefox","2026-06-01","passed","2026-06-01","Admin Functional Testing","tests/admin/admin.spec.js","",""
"","10122","5 Status dropdown filter workflow","firefox","2026-06-01","passed","2026-06-01","Admin Functional Testing","tests/admin/admin.spec.js","",""
"","7878","2 Candidate name and email input workflow","firefox","2026-06-01","passed","2026-06-01","Recruitment Functional Testing","tests/recruitment/recruitment.spec.js","",""
"","15888","3 Invalid employee timesheet workflow","chromium","2026-06-01","passed","2026-06-01","Time Functional Testing","tests/time/time.spec.js","",""
"","8978","1 Update nickname workflow","firefox","2026-06-01","passed","2026-06-01","My Info Functional Testing","tests/myinfo/myinfo.spec.js","",""
"","9591","15 Membership required validation workflow","chromium","2026-06-01","passed","2026-06-01","My Info Functional Testing","tests/myinfo/myinfo.spec.js","",""
"","7882","5 Candidate keywords workflow","firefox","2026-06-01","passed","2026-06-01","Recruitment Functional Testing","tests/recruitment/recruitment.spec.js","",""
"","13114","11 Logout should destroy user session","chromium","2026-06-01","passed","2026-06-01","Authentication Functional Testing","tests/auth/auth.spec.js","",""
"","8366","3 Candidate vacancy dropdown workflow","webkit","2026-06-01","passed","2026-06-01","Recruitment Functional Testing","tests/recruitment/recruitment.spec.js","",""
"","22860","6 Attendance punch note workflow","chromium","2026-06-01","passed","2026-06-01","Time Functional Testing","tests/time/time.spec.js","",""
"","11859","9 Dependent required validation workflow","firefox","2026-06-01","passed","2026-06-01","My Info Functional Testing","tests/myinfo/myinfo.spec.js","",""
"","22079","14 Vacancy job title dropdown workflow","chromium","2026-06-01","passed","2026-06-01","Recruitment Functional Testing","tests/recruitment/recruitment.spec.js","",""
"","14163","6 Employee autocomplete workflow","chromium","2026-06-01","passed","2026-06-01","Admin Functional Testing","tests/admin/admin.spec.js","",""
"","12857","6 Employee autocomplete workflow","firefox","2026-06-01","passed","2026-06-01","Admin Functional Testing","tests/admin/admin.spec.js","",""
"","8107","5 KPI maximum rating input workflow","webkit","2026-06-01","passed","2026-06-01","Performance Functional Testing","tests/performance/performance.spec.js","",""
"","20530","13 Vacancy name input workflow","chromium","2026-06-01","passed","2026-06-01","Recruitment Functional Testing","tests/recruitment/recruitment.spec.js","",""
"","8775","7 Combined user role and status workflow","webkit","2026-06-01","passed","2026-06-01","Admin Functional Testing","tests/admin/admin.spec.js","",""
"","7585","15 Failed login followed by successful login","firefox","2026-06-01","passed","2026-06-01","Authentication Functional Testing","tests/auth/auth.spec.js","",""
"","18341","13 Password clear and rewrite workflow","chromium","2026-06-01","passed","2026-06-01","Admin Functional Testing","tests/admin/admin.spec.js","",""
"","14845","3 Username clear and rewrite workflow","chromium","2026-06-01","passed","2026-06-01","Admin Functional Testing","tests/admin/admin.spec.js","",""
"","8332","10 Add user role dropdown workflow","chromium","2026-06-01","passed","2026-06-01","Admin Functional Testing","tests/admin/admin.spec.js","",""
"","26937","1 Employee timesheet required validation workflow","webkit","2026-06-01","passed","2026-06-01","Time Functional Testing","tests/time/time.spec.js","",""
"","13546","15 Add user form combined input workflow","firefox","2026-06-01","passed","2026-06-01","Admin Functional Testing","tests/admin/admin.spec.js","",""
"","6868","14 Qualification work experience input workflow","chromium","2026-06-01","passed","2026-06-01","My Info Functional Testing","tests/myinfo/myinfo.spec.js","",""
"","9888","6 KPI clear and rewrite name workflow","chromium","2026-06-01","passed","2026-06-01","Performance Functional Testing","tests/performance/performance.spec.js","",""
"","11502","1 Add employee with mandatory details","firefox","2026-06-01","passed","2026-06-01","PIM Important Functional Testing","tests/pim/pim.spec.js","",""
"","8917","1 Update nickname workflow","chromium","2026-06-01","passed","2026-06-01","My Info Functional Testing","tests/myinfo/myinfo.spec.js","",""
"","40010","1 Employee timesheet required validation workflow","firefox","2026-06-01","passed","2026-06-01","Time Functional Testing","tests/time/time.spec.js","",""
"","3830","6 Empty username and valid password validation","webkit","2026-06-01","passed","2026-06-01","Authentication Functional Testing","tests/auth/auth.spec.js","",""
"","2200","6 My leave date input workflow","webkit","2026-06-01","passed","2026-06-01","Leave Functional Testing","tests/leave/leave.spec.js","",""
"","25302","7 Edit emergency contact","firefox","2026-06-01","passed","2026-06-01","PIM Important Functional Testing","tests/pim/pim.spec.js","",""
"","26824","9 Candidate job title filter workflow","chromium","2026-06-01","passed","2026-06-01","Recruitment Functional Testing","tests/recruitment/recruitment.spec.js","",""
"","7095","11 Add user status dropdown workflow","webkit","2026-06-01","passed","2026-06-01","Admin Functional Testing","tests/admin/admin.spec.js","",""
"","4334","7 Password masking validation","firefox","2026-06-01","passed","2026-06-01","Authentication Functional Testing","tests/auth/auth.spec.js","",""
"","7689","12 Review required validation workflow","chromium","2026-06-01","passed","2026-06-01","Performance Functional Testing","tests/performance/performance.spec.js","",""
"","37375","3 Candidate vacancy dropdown workflow","chromium","2026-06-01","passed","2026-06-01","Recruitment Functional Testing","tests/recruitment/recruitment.spec.js","",""
"","4960","7 Password masking validation","webkit","2026-06-01","passed","2026-06-01","Authentication Functional Testing","tests/auth/auth.spec.js","",""
"","2609","11 Leave list status dropdown workflow","firefox","2026-06-01","passed","2026-06-01","Leave Functional Testing","tests/leave/leave.spec.js","",""
"","24505","14 Add employee login password mismatch validation","chromium","2026-06-01","passed","2026-06-01","PIM Important Functional Testing","tests/pim/pim.spec.js","",""
"","1568","2 Apply leave type dropdown workflow","chromium","2026-06-01","passed","2026-06-01","Leave Functional Testing","tests/leave/leave.spec.js","",""
"","11298","8 Add user required validation workflow","chromium","2026-06-01","passed","2026-06-01","Admin Functional Testing","tests/admin/admin.spec.js","",""
"","25445","11 Salary details input workflow","webkit","2026-06-01","passed","2026-06-01","PIM Important Functional Testing","tests/pim/pim.spec.js","",""
"","11851","3 Username clear and rewrite workflow","webkit","2026-06-01","passed","2026-06-01","Admin Functional Testing","tests/admin/admin.spec.js","",""
"","39714","7 Candidate invalid email input workflow","chromium","2026-06-01","passed","2026-06-01","Recruitment Functional Testing","tests/recruitment/recruitment.spec.js","",""
"","27762","10 Candidate vacancy filter workflow","firefox","2026-06-01","passed","2026-06-01","Recruitment Functional Testing","tests/recruitment/recruitment.spec.js","",""
"","19450","4 My timesheet edit action workflow","chromium","2026-06-01","passed","2026-06-01","Time Functional Testing","tests/time/time.spec.js","",""
"","9918","3 Invalid username and password validation","firefox","2026-06-01","passed","2026-06-01","Authentication Functional Testing","tests/auth/auth.spec.js","",""
"","6995","8 Tracker required validation workflow","firefox","2026-06-01","passed","2026-06-01","Performance Functional Testing","tests/performance/performance.spec.js","",""
"","12757","12 Browser back after logout should not restore dashboard","firefox","2026-06-01","passed","2026-06-01","Authentication Functional Testing","tests/auth/auth.spec.js","",""
"","1463","2 Apply leave type dropdown workflow","webkit","2026-06-01","passed","2026-06-01","Leave Functional Testing","tests/leave/leave.spec.js","",""
"","2174","5 My leave status dropdown workflow","firefox","2026-06-01","passed","2026-06-01","Leave Functional Testing","tests/leave/leave.spec.js","",""
"","23303","1 KPI required validation workflow","firefox","2026-06-01","passed","2026-06-01","Performance Functional Testing","tests/performance/performance.spec.js","",""
"","6025","5 KPI maximum rating input workflow","firefox","2026-06-01","passed","2026-06-01","Performance Functional Testing","tests/performance/performance.spec.js","",""
"","25538","9 Candidate job title filter workflow","firefox","2026-06-01","passed","2026-06-01","Recruitment Functional Testing","tests/recruitment/recruitment.spec.js","",""
"","12195","4 KPI minimum rating input workflow","firefox","2026-06-01","passed","2026-06-01","Performance Functional Testing","tests/performance/performance.spec.js","",""
"","1388","14 Assign leave employee input workflow","chromium","2026-06-01","passed","2026-06-01","Leave Functional Testing","tests/leave/leave.spec.js","",""
"","16704","1 KPI required validation workflow","webkit","2026-06-01","passed","2026-06-01","Performance Functional Testing","tests/performance/performance.spec.js","",""
"","21639","2 Employee autocomplete timesheet workflow","webkit","2026-06-01","passed","2026-06-01","Time Functional Testing","tests/time/time.spec.js","",""
"","6839","5 Contact street update workflow","chromium","2026-06-01","passed","2026-06-01","My Info Functional Testing","tests/myinfo/myinfo.spec.js","",""
"","9371","14 Add employee login password mismatch validation","firefox","2026-06-01","passed","2026-06-01","PIM Important Functional Testing","tests/pim/pim.spec.js","",""
"","33287","11 Salary details input workflow","firefox","2026-06-01","passed","2026-06-01","PIM Important Functional Testing","tests/pim/pim.spec.js","",""
"","1910","2 Apply leave type dropdown workflow","firefox","2026-06-01","passed","2026-06-01","Leave Functional Testing","tests/leave/leave.spec.js","",""
"","7714","6 Contact city update workflow","firefox","2026-06-01","passed","2026-06-01","My Info Functional Testing","tests/myinfo/myinfo.spec.js","",""
"","6761","3 KPI job title dropdown workflow","webkit","2026-06-01","passed","2026-06-01","Performance Functional Testing","tests/performance/performance.spec.js","",""
"","10672","7 KPI search job title dropdown workflow","chromium","2026-06-01","passed","2026-06-01","Performance Functional Testing","tests/performance/performance.spec.js","",""
"","29262","10 Update job details","firefox","2026-06-01","passed","2026-06-01","PIM Important Functional Testing","tests/pim/pim.spec.js","",""
"","28651","11 Candidate hiring manager filter workflow","firefox","2026-06-01","passed","2026-06-01","Recruitment Functional Testing","tests/recruitment/recruitment.spec.js","",""
"","12245","4 User role dropdown filter workflow","firefox","2026-06-01","passed","2026-06-01","Admin Functional Testing","tests/admin/admin.spec.js","",""
"","3765","4 Empty login form validation","webkit","2026-06-01","passed","2026-06-01","Authentication Functional Testing","tests/auth/auth.spec.js","",""
"","6356","3 Add employee required field validation","firefox","2026-06-01","passed","2026-06-01","PIM Important Functional Testing","tests/pim/pim.spec.js","",""
"","19897","9 Project report project autocomplete workflow","firefox","2026-06-01","passed","2026-06-01","Time Functional Testing","tests/time/time.spec.js","",""
"","13244","1 Candidate required validation workflow","firefox","2026-06-01","passed","2026-06-01","Recruitment Functional Testing","tests/recruitment/recruitment.spec.js","",""
"","16759","15 Membership required validation workflow","firefox","2026-06-01","passed","2026-06-01","My Info Functional Testing","tests/myinfo/myinfo.spec.js","",""
"","18513","15 Vacancy description workflow","chromium","2026-06-01","passed","2026-06-01","Recruitment Functional Testing","tests/recruitment/recruitment.spec.js","",""
"","13333","1 Add employee with mandatory details","chromium","2026-06-01","passed","2026-06-01","PIM Important Functional Testing","tests/pim/pim.spec.js","",""
"","34495","5 Candidate keywords workflow","chromium","2026-06-01","passed","2026-06-01","Recruitment Functional Testing","tests/recruitment/recruitment.spec.js","",""
"","1766","3 Apply leave comment workflow","firefox","2026-06-01","passed","2026-06-01","Leave Functional Testing","tests/leave/leave.spec.js","",""
"","10282","8 Candidate clear and rewrite workflow","firefox","2026-06-01","passed","2026-06-01","Recruitment Functional Testing","tests/recruitment/recruitment.spec.js","",""
"","43322","4 Candidate contact number workflow","chromium","2026-06-01","passed","2026-06-01","Recruitment Functional Testing","tests/recruitment/recruitment.spec.js","",""
"","8177","3 Nationality dropdown workflow","chromium","2026-06-01","passed","2026-06-01","My Info Functional Testing","tests/myinfo/myinfo.spec.js","",""
"","10477","7 KPI search job title dropdown workflow","webkit","2026-06-01","passed","2026-06-01","Performance Functional Testing","tests/performance/performance.spec.js","",""
"","47304","15 Vacancy description workflow","webkit","2026-06-01","passed","2026-06-01","Recruitment Functional Testing","tests/recruitment/recruitment.spec.js","",""
"","1181","4 Apply leave clear and rewrite comment workflow","firefox","2026-06-01","passed","2026-06-01","Leave Functional Testing","tests/leave/leave.spec.js","",""
"","9391","3 Nationality dropdown workflow","firefox","2026-06-01","passed","2026-06-01","My Info Functional Testing","tests/myinfo/myinfo.spec.js","",""
"","9518","9 Tracker name input workflow","webkit","2026-06-01","passed","2026-06-01","Performance Functional Testing","tests/performance/performance.spec.js","",""
"","52439","6 Candidate consent checkbox workflow","chromium","2026-06-01","passed","2026-06-01","Recruitment Functional Testing","tests/recruitment/recruitment.spec.js","",""
"","19801","13 Attendance summary employee autocomplete workflow","webkit","2026-06-01","passed","2026-06-01","Time Functional Testing","tests/time/time.spec.js","",""
"","10580","9 Add user cancel workflow","webkit","2026-06-01","passed","2026-06-01","Admin Functional Testing","tests/admin/admin.spec.js","",""
"","16634","12 Immigration passport option workflow","chromium","2026-06-01","passed","2026-06-01","My Info Functional Testing","tests/myinfo/myinfo.spec.js","",""
"","26721","8 Add dependent details","firefox","2026-06-01","passed","2026-06-01","PIM Important Functional Testing","tests/pim/pim.spec.js","",""
"","1064","10 Leave list employee autocomplete workflow","webkit","2026-06-01","passed","2026-06-01","Leave Functional Testing","tests/leave/leave.spec.js","",""
"","17926","1 Username search workflow","chromium","2026-06-01","passed","2026-06-01","Admin Functional Testing","tests/admin/admin.spec.js","",""
"","19474","14 Qualification work experience input workflow","webkit","2026-06-01","passed","2026-06-01","My Info Functional Testing","tests/myinfo/myinfo.spec.js","",""
"","16189","9 Project report project autocomplete workflow","chromium","2026-06-01","passed","2026-06-01","Time Functional Testing","tests/time/time.spec.js","",""
"","31645","10 Update job details","chromium","2026-06-01","passed","2026-06-01","PIM Important Functional Testing","tests/pim/pim.spec.js","",""
"","16436","11 Candidate hiring manager filter workflow","chromium","2026-06-01","passed","2026-06-01","Recruitment Functional Testing","tests/recruitment/recruitment.spec.js","",""
"","4106","5 Valid username and empty password validation","webkit","2026-06-01","passed","2026-06-01","Authentication Functional Testing","tests/auth/auth.spec.js","",""
"","9499","3 Username clear and rewrite workflow","firefox","2026-06-01","passed","2026-06-01","Admin Functional Testing","tests/admin/admin.spec.js","",""
"","1957","9 Leave list date workflow","firefox","2026-06-01","passed","2026-06-01","Leave Functional Testing","tests/leave/leave.spec.js","",""
"","7784","7 Emergency contact required validation workflow","firefox","2026-06-01","passed","2026-06-01","My Info Functional Testing","tests/myinfo/myinfo.spec.js","",""
"","30493","2 Employee autocomplete timesheet workflow","firefox","2026-06-01","passed","2026-06-01","Time Functional Testing","tests/time/time.spec.js","",""
"","7509","1 Valid login using click","chromium","2026-06-01","passed","2026-06-01","Authentication Functional Testing","tests/auth/auth.spec.js","",""
"","17055","15 Attendance summary sub unit dropdown workflow","firefox","2026-06-01","passed","2026-06-01","Time Functional Testing","tests/time/time.spec.js","",""
"","24458","13 Add employee attachment","firefox","2026-06-01","passed","2026-06-01","PIM Important Functional Testing","tests/pim/pim.spec.js","",""
"","11837","2 Add employee with login details","firefox","2026-06-01","passed","2026-06-01","PIM Important Functional Testing","tests/pim/pim.spec.js","",""
"","7436","11 Logout should destroy user session","firefox","2026-06-01","passed","2026-06-01","Authentication Functional Testing","tests/auth/auth.spec.js","",""
"","19097","4 Edit employee personal details","webkit","2026-06-01","passed","2026-06-01","PIM Important Functional Testing","tests/pim/pim.spec.js","",""
"","11771","3 KPI job title dropdown workflow","chromium","2026-06-01","passed","2026-06-01","Performance Functional Testing","tests/performance/performance.spec.js","",""
"","14850","2 KPI name input workflow","webkit","2026-06-01","passed","2026-06-01","Performance Functional Testing","tests/performance/performance.spec.js","",""
"","11711","8 Emergency contact input cancel workflow","chromium","2026-06-01","passed","2026-06-01","My Info Functional Testing","tests/myinfo/myinfo.spec.js","",""
"","32062","9 Edit dependent details","chromium","2026-06-01","passed","2026-06-01","PIM Important Functional Testing","tests/pim/pim.spec.js","",""
"","8789","9 Add user cancel workflow","chromium","2026-06-01","passed","2026-06-01","Admin Functional Testing","tests/admin/admin.spec.js","",""
"","18227","6 Add emergency contact","firefox","2026-06-01","passed","2026-06-01","PIM Important Functional Testing","tests/pim/pim.spec.js","",""
"","16479","4 Candidate contact number workflow","webkit","2026-06-01","passed","2026-06-01","Recruitment Functional Testing","tests/recruitment/recruitment.spec.js","",""
"","9004","2 Valid login using keyboard Enter","webkit","2026-06-01","passed","2026-06-01","Authentication Functional Testing","tests/auth/auth.spec.js","",""
"","7579","3 Invalid username and password validation","chromium","2026-06-01","passed","2026-06-01","Authentication Functional Testing","tests/auth/auth.spec.js","",""
"","20772","15 Attendance summary sub unit dropdown workflow","webkit","2026-06-01","passed","2026-06-01","Time Functional Testing","tests/time/time.spec.js","",""
"","19884","9 Project report project autocomplete workflow","webkit","2026-06-01","passed","2026-06-01","Time Functional Testing","tests/time/time.spec.js","",""
"","1694","4 Apply leave clear and rewrite comment workflow","webkit","2026-06-01","passed","2026-06-01","Leave Functional Testing","tests/leave/leave.spec.js","",""
"","7622","1 Update nickname workflow","webkit","2026-06-01","passed","2026-06-01","My Info Functional Testing","tests/myinfo/myinfo.spec.js","",""
"","5656","10 Direct dashboard access without login","firefox","2026-06-01","passed","2026-06-01","Authentication Functional Testing","tests/auth/auth.spec.js","",""
"","2178","8 My leave reset workflow","firefox","2026-06-01","passed","2026-06-01","Leave Functional Testing","tests/leave/leave.spec.js","",""
"","21033","5 My timesheet submit action workflow","webkit","2026-06-01","passed","2026-06-01","Time Functional Testing","tests/time/time.spec.js","",""
"","25390","11 Immigration required validation workflow","chromium","2026-06-01","passed","2026-06-01","My Info Functional Testing","tests/myinfo/myinfo.spec.js","",""
"","24961","1 Candidate required validation workflow","chromium","2026-06-01","passed","2026-06-01","Recruitment Functional Testing","tests/recruitment/recruitment.spec.js","",""
"","17899","9 Dependent required validation workflow","chromium","2026-06-01","passed","2026-06-01","My Info Functional Testing","tests/myinfo/myinfo.spec.js","",""
"","13388","8 Tracker required validation workflow","chromium","2026-06-01","passed","2026-06-01","Performance Functional Testing","tests/performance/performance.spec.js","",""
"","2608","10 Leave list employee autocomplete workflow","chromium","2026-06-01","passed","2026-06-01","Leave Functional Testing","tests/leave/leave.spec.js","",""
"","9198","1 Valid login using click","firefox","2026-06-01","passed","2026-06-01","Authentication Functional Testing","tests/auth/auth.spec.js","",""
"","21444","8 Project report required validation workflow","chromium","2026-06-01","passed","2026-06-01","Time Functional Testing","tests/time/time.spec.js","",""
"","13593","8 Project report required validation workflow","firefox","2026-06-01","passed","2026-06-01","Time Functional Testing","tests/time/time.spec.js","",""
"","19690","5 My timesheet submit action workflow","chromium","2026-06-01","passed","2026-06-01","Time Functional Testing","tests/time/time.spec.js","",""
"","21484","12 Add immigration details","chromium","2026-06-01","passed","2026-06-01","PIM Important Functional Testing","tests/pim/pim.spec.js","",""
"","2179","11 Leave list status dropdown workflow","chromium","2026-06-01","passed","2026-06-01","Leave Functional Testing","tests/leave/leave.spec.js","",""
"","3190","7 My leave search workflow","chromium","2026-06-01","passed","2026-06-01","Leave Functional Testing","tests/leave/leave.spec.js","",""
"","1652","12 Leave list sub unit dropdown workflow","webkit","2026-06-01","passed","2026-06-01","Leave Functional Testing","tests/leave/leave.spec.js","",""
"","8231","11 Immigration required validation workflow","webkit","2026-06-01","passed","2026-06-01","My Info Functional Testing","tests/myinfo/myinfo.spec.js","",""
"","24371","11 Employee report autocomplete workflow","firefox","2026-06-01","passed","2026-06-01","Time Functional Testing","tests/time/time.spec.js","",""
"","6100","14 Login with only spaces should not allow dashboard","chromium","2026-06-01","passed","2026-06-01","Authentication Functional Testing","tests/auth/auth.spec.js","",""
"","20395","5 Edit employee contact details","webkit","2026-06-01","passed","2026-06-01","PIM Important Functional Testing","tests/pim/pim.spec.js","",""
"","41755","11 Candidate hiring manager filter workflow","webkit","2026-06-01","passed","2026-06-01","Recruitment Functional Testing","tests/recruitment/recruitment.spec.js","",""
"","14761","10 Employee report required validation workflow","webkit","2026-06-01","passed","2026-06-01","Time Functional Testing","tests/time/time.spec.js","",""
"","3583","6 Empty username and valid password validation","chromium","2026-06-01","passed","2026-06-01","Authentication Functional Testing","tests/auth/auth.spec.js","",""
"","6226","8 Emergency contact input cancel workflow","firefox","2026-06-01","passed","2026-06-01","My Info Functional Testing","tests/myinfo/myinfo.spec.js","",""
"","19797","14 Add user employee autocomplete workflow","firefox","2026-06-01","passed","2026-06-01","Admin Functional Testing","tests/admin/admin.spec.js","",""
"","7153","6 KPI clear and rewrite name workflow","webkit","2026-06-01","passed","2026-06-01","Performance Functional Testing","tests/performance/performance.spec.js","",""
"","25626","5 My timesheet submit action workflow","firefox","2026-06-01","passed","2026-06-01","Time Functional Testing","tests/time/time.spec.js","",""
"","17449","14 Attendance summary job title dropdown workflow","firefox","2026-06-01","passed","2026-06-01","Time Functional Testing","tests/time/time.spec.js","",""
"","3410","13 Assign leave page access workflow","chromium","2026-06-01","passed","2026-06-01","Leave Functional Testing","tests/leave/leave.spec.js","",""
"","37348","5 Edit employee contact details","chromium","2026-06-01","passed","2026-06-01","PIM Important Functional Testing","tests/pim/pim.spec.js","",""
"","10776","11 Logout should destroy user session","webkit","2026-06-01","passed","2026-06-01","Authentication Functional Testing","tests/auth/auth.spec.js","",""
"","6005","12 Immigration passport option workflow","firefox","2026-06-01","passed","2026-06-01","My Info Functional Testing","tests/myinfo/myinfo.spec.js","",""
"","20515","11 Salary details input workflow","chromium","2026-06-01","passed","2026-06-01","PIM Important Functional Testing","tests/pim/pim.spec.js","",""
"","1662","7 My leave search workflow","firefox","2026-06-01","passed","2026-06-01","Leave Functional Testing","tests/leave/leave.spec.js","",""
"","7746","7 Candidate invalid email input workflow","firefox","2026-06-01","passed","2026-06-01","Recruitment Functional Testing","tests/recruitment/recruitment.spec.js","",""
"","34763","10 Candidate vacancy filter workflow","webkit","2026-06-01","passed","2026-06-01","Recruitment Functional Testing","tests/recruitment/recruitment.spec.js","",""
"","16700","13 Qualification work experience validation workflow","webkit","2026-06-01","passed","2026-06-01","My Info Functional Testing","tests/myinfo/myinfo.spec.js","",""
"","20705","6 Add emergency contact","webkit","2026-06-01","passed","2026-06-01","PIM Important Functional Testing","tests/pim/pim.spec.js","",""
"","15286","4 My timesheet edit action workflow","webkit","2026-06-01","passed","2026-06-01","Time Functional Testing","tests/time/time.spec.js","",""
"","23591","9 Candidate job title filter workflow","webkit","2026-06-01","passed","2026-06-01","Recruitment Functional Testing","tests/recruitment/recruitment.spec.js","",""
"","12518","1 Username search workflow","firefox","2026-06-01","passed","2026-06-01","Admin Functional Testing","tests/admin/admin.spec.js","",""
"","7447","10 Dependent relationship dropdown workflow","firefox","2026-06-01","passed","2026-06-01","My Info Functional Testing","tests/myinfo/myinfo.spec.js","",""
"","8336","3 Add employee required field validation","webkit","2026-06-01","passed","2026-06-01","PIM Important Functional Testing","tests/pim/pim.spec.js","",""
"","11570","11 Tracker reviewer autocomplete workflow","firefox","2026-06-01","passed","2026-06-01","Performance Functional Testing","tests/performance/performance.spec.js","",""
"","14728","13 Qualification work experience validation workflow","chromium","2026-06-01","passed","2026-06-01","My Info Functional Testing","tests/myinfo/myinfo.spec.js","",""
"","10187","8 Emergency contact input cancel workflow","webkit","2026-06-01","passed","2026-06-01","My Info Functional Testing","tests/myinfo/myinfo.spec.js","",""
"","2795","12 Leave list sub unit dropdown workflow","chromium","2026-06-01","passed","2026-06-01","Leave Functional Testing","tests/leave/leave.spec.js","",""
"","10437","11 Add user status dropdown workflow","firefox","2026-06-01","passed","2026-06-01","Admin Functional Testing","tests/admin/admin.spec.js","",""
"","20313","12 Attendance summary view workflow","firefox","2026-06-01","passed","2026-06-01","Time Functional Testing","tests/time/time.spec.js","",""
"","21176","4 Edit employee personal details","firefox","2026-06-01","passed","2026-06-01","PIM Important Functional Testing","tests/pim/pim.spec.js","",""
"","2206","8 My leave reset workflow","chromium","2026-06-01","passed","2026-06-01","Leave Functional Testing","tests/leave/leave.spec.js","",""
"","29707","7 Attendance punch button workflow","chromium","2026-06-01","passed","2026-06-01","Time Functional Testing","tests/time/time.spec.js","",""
"","9551","15 Failed login followed by successful login","chromium","2026-06-01","passed","2026-06-01","Authentication Functional Testing","tests/auth/auth.spec.js","",""
"","3176","1 Apply leave validation workflow","firefox","2026-06-01","passed","2026-06-01","Leave Functional Testing","tests/leave/leave.spec.js","",""
"","6478","9 Dependent required validation workflow","webkit","2026-06-01","passed","2026-06-01","My Info Functional Testing","tests/myinfo/myinfo.spec.js","",""
"","5226","5 Valid username and empty password validation","firefox","2026-06-01","passed","2026-06-01","Authentication Functional Testing","tests/auth/auth.spec.js","",""
"","17921","11 Employee report autocomplete workflow","webkit","2026-06-01","passed","2026-06-01","Time Functional Testing","tests/time/time.spec.js","",""
"","12575","12 Review required validation workflow","webkit","2026-06-01","passed","2026-06-01","Performance Functional Testing","tests/performance/performance.spec.js","",""
"","7659","1 Candidate required validation workflow","webkit","2026-06-01","passed","2026-06-01","Recruitment Functional Testing","tests/recruitment/recruitment.spec.js","",""
"","9862","12 Review required validation workflow","firefox","2026-06-01","passed","2026-06-01","Performance Functional Testing","tests/performance/performance.spec.js","",""
"","21043","14 Attendance summary job title dropdown workflow","webkit","2026-06-01","passed","2026-06-01","Time Functional Testing","tests/time/time.spec.js","",""
"","3743","4 Empty login form validation","chromium","2026-06-01","passed","2026-06-01","Authentication Functional Testing","tests/auth/auth.spec.js","",""
"","7443","12 Password mismatch validation workflow","firefox","2026-06-01","passed","2026-06-01","Admin Functional Testing","tests/admin/admin.spec.js","",""
"","15369","7 Attendance punch button workflow","firefox","2026-06-01","passed","2026-06-01","Time Functional Testing","tests/time/time.spec.js","",""
"","14936","14 Qualification work experience input workflow","firefox","2026-06-01","passed","2026-06-01","My Info Functional Testing","tests/myinfo/myinfo.spec.js","",""
"","3971","14 Login with only spaces should not allow dashboard","webkit","2026-06-01","passed","2026-06-01","Authentication Functional Testing","tests/auth/auth.spec.js","",""
"","14318","2 Update other id workflow","webkit","2026-06-01","passed","2026-06-01","My Info Functional Testing","tests/myinfo/myinfo.spec.js","",""
"","10292","4 Marital status dropdown workflow","chromium","2026-06-01","passed","2026-06-01","My Info Functional Testing","tests/myinfo/myinfo.spec.js","",""
"","25556","2 Candidate name and email input workflow","chromium","2026-06-01","passed","2026-06-01","Recruitment Functional Testing","tests/recruitment/recruitment.spec.js","",""
"","9692","14 Review supervisor reviewer workflow","webkit","2026-06-01","passed","2026-06-01","Performance Functional Testing","tests/performance/performance.spec.js","",""
"","30285","8 Add dependent details","webkit","2026-06-01","passed","2026-06-01","PIM Important Functional Testing","tests/pim/pim.spec.js","",""
"","22964","7 Candidate invalid email input workflow","webkit","2026-06-01","passed","2026-06-01","Recruitment Functional Testing","tests/recruitment/recruitment.spec.js","",""
"","13740","14 Review supervisor reviewer workflow","chromium","2026-06-01","passed","2026-06-01","Performance Functional Testing","tests/performance/performance.spec.js","",""
"","3004","12 Leave list sub unit dropdown workflow","firefox","2026-06-01","passed","2026-06-01","Leave Functional Testing","tests/leave/leave.spec.js","",""
"","11495","4 User role dropdown filter workflow","chromium","2026-06-01","passed","2026-06-01","Admin Functional Testing","tests/admin/admin.spec.js","",""
"","7084","3 Candidate vacancy dropdown workflow","firefox","2026-06-01","passed","2026-06-01","Recruitment Functional Testing","tests/recruitment/recruitment.spec.js","",""
"","9442","4 KPI minimum rating input workflow","webkit","2026-06-01","passed","2026-06-01","Performance Functional Testing","tests/performance/performance.spec.js","",""
"","8473","8 Tracker required validation workflow","webkit","2026-06-01","passed","2026-06-01","Performance Functional Testing","tests/performance/performance.spec.js","",""
"","11268","10 Tracker employee autocomplete workflow","webkit","2026-06-01","passed","2026-06-01","Performance Functional Testing","tests/performance/performance.spec.js","",""
"","12759","13 Reload login page and login again","chromium","2026-06-01","passed","2026-06-01","Authentication Functional Testing","tests/auth/auth.spec.js","",""
"","1778","3 Apply leave comment workflow","chromium","2026-06-01","passed","2026-06-01","Leave Functional Testing","tests/leave/leave.spec.js","",""
"","34395","9 Edit dependent details","firefox","2026-06-01","passed","2026-06-01","PIM Important Functional Testing","tests/pim/pim.spec.js","",""
"","28563","15 Vacancy description workflow","firefox","2026-06-01","passed","2026-06-01","Recruitment Functional Testing","tests/recruitment/recruitment.spec.js","",""
"","3114","7 Password masking validation","chromium","2026-06-01","passed","2026-06-01","Authentication Functional Testing","tests/auth/auth.spec.js","",""
"","2298","5 My leave status dropdown workflow","webkit","2026-06-01","passed","2026-06-01","Leave Functional Testing","tests/leave/leave.spec.js","",""
"","6500","2 Update other id workflow","chromium","2026-06-01","passed","2026-06-01","My Info Functional Testing","tests/myinfo/myinfo.spec.js","",""
"","6924","2 KPI name input workflow","chromium","2026-06-01","passed","2026-06-01","Performance Functional Testing","tests/performance/performance.spec.js","",""
"","16428","13 Password clear and rewrite workflow","webkit","2026-06-01","passed","2026-06-01","Admin Functional Testing","tests/admin/admin.spec.js","",""
"","3074","13 Assign leave page access workflow","firefox","2026-06-01","passed","2026-06-01","Leave Functional Testing","tests/leave/leave.spec.js","",""
"","7695","13 Reload login page and login again","firefox","2026-06-01","passed","2026-06-01","Authentication Functional Testing","tests/auth/auth.spec.js","",""
"","43049","8 Add dependent details","chromium","2026-06-01","passed","2026-06-01","PIM Important Functional Testing","tests/pim/pim.spec.js","",""
"","1151","9 Leave list date workflow","webkit","2026-06-01","passed","2026-06-01","Leave Functional Testing","tests/leave/leave.spec.js","",""
"","16498","2 Invalid username search workflow","firefox","2026-06-01","passed","2026-06-01","Admin Functional Testing","tests/admin/admin.spec.js","",""
"","9029","3 Invalid username and password validation","webkit","2026-06-01","passed","2026-06-01","Authentication Functional Testing","tests/auth/auth.spec.js","",""
"","9896","5 KPI maximum rating input workflow","chromium","2026-06-01","passed","2026-06-01","Performance Functional Testing","tests/performance/performance.spec.js","",""
"","3591","14 Assign leave employee input workflow","firefox","2026-06-01","passed","2026-06-01","Leave Functional Testing","tests/leave/leave.spec.js","",""
"","11291","5 Status dropdown filter workflow","chromium","2026-06-01","passed","2026-06-01","Admin Functional Testing","tests/admin/admin.spec.js","",""
"","12011","4 Marital status dropdown workflow","firefox","2026-06-01","passed","2026-06-01","My Info Functional Testing","tests/myinfo/myinfo.spec.js","",""
"","4244","14 Login with only spaces should not allow dashboard","firefox","2026-06-01","passed","2026-06-01","Authentication Functional Testing","tests/auth/auth.spec.js","",""
"","11758","15 Attendance summary sub unit dropdown workflow","chromium","2026-06-01","passed","2026-06-01","Time Functional Testing","tests/time/time.spec.js","",""
"","13855","14 Review supervisor reviewer workflow","firefox","2026-06-01","passed","2026-06-01","Performance Functional Testing","tests/performance/performance.spec.js","",""
"","20389","1 Username search workflow","webkit","2026-06-01","passed","2026-06-01","Admin Functional Testing","tests/admin/admin.spec.js","",""
"","12485","11 Add user status dropdown workflow","chromium","2026-06-01","passed","2026-06-01","Admin Functional Testing","tests/admin/admin.spec.js","",""
"","17967","5 Edit employee contact details","firefox","2026-06-01","passed","2026-06-01","PIM Important Functional Testing","tests/pim/pim.spec.js","",""
"","6886","4 Candidate contact number workflow","firefox","2026-06-01","passed","2026-06-01","Recruitment Functional Testing","tests/recruitment/recruitment.spec.js","",""
"","12356","10 Employee report required validation workflow","chromium","2026-06-01","passed","2026-06-01","Time Functional Testing","tests/time/time.spec.js","",""
"","9175","5 Contact street update workflow","webkit","2026-06-01","passed","2026-06-01","My Info Functional Testing","tests/myinfo/myinfo.spec.js","",""
"","10088","7 Emergency contact required validation workflow","webkit","2026-06-01","passed","2026-06-01","My Info Functional Testing","tests/myinfo/myinfo.spec.js","",""
"","6309","8 Clear wrong credentials and login again","webkit","2026-06-01","passed","2026-06-01","Authentication Functional Testing","tests/auth/auth.spec.js","",""
"","52709","3 Invalid employee timesheet workflow","firefox","2026-06-01","passed","2026-06-01","Time Functional Testing","tests/time/time.spec.js","",""
"","11497","13 Review employee autocomplete workflow","webkit","2026-06-01","passed","2026-06-01","Performance Functional Testing","tests/performance/performance.spec.js","",""
"","14131","11 Tracker reviewer autocomplete workflow","webkit","2026-06-01","passed","2026-06-01","Performance Functional Testing","tests/performance/performance.spec.js","",""
"","9362","11 Tracker reviewer autocomplete workflow","chromium","2026-06-01","passed","2026-06-01","Performance Functional Testing","tests/performance/performance.spec.js","",""
"","17968","10 Employee report required validation workflow","firefox","2026-06-01","passed","2026-06-01","Time Functional Testing","tests/time/time.spec.js","",""
"","1791","1 Apply leave validation workflow","chromium","2026-06-01","passed","2026-06-01","Leave Functional Testing","tests/leave/leave.spec.js","",""
"","19090","15 Membership required validation workflow","webkit","2026-06-01","passed","2026-06-01","My Info Functional Testing","tests/myinfo/myinfo.spec.js","",""
"","21152","2 KPI name input workflow","firefox","2026-06-01","passed","2026-06-01","Performance Functional Testing","tests/performance/performance.spec.js","",""
"","3420","5 Valid username and empty password validation","chromium","2026-06-01","passed","2026-06-01","Authentication Functional Testing","tests/auth/auth.spec.js","",""
"","62071","4 My timesheet edit action workflow","firefox","2026-06-01","passed","2026-06-01","Time Functional Testing","tests/time/time.spec.js","",""
"","9154","2 Invalid username search workflow","chromium","2026-06-01","passed","2026-06-01","Admin Functional Testing","tests/admin/admin.spec.js","",""
"","9151","3 Add employee required field validation","chromium","2026-06-01","passed","2026-06-01","PIM Important Functional Testing","tests/pim/pim.spec.js","",""
"","12187","3 KPI job title dropdown workflow","firefox","2026-06-01","passed","2026-06-01","Performance Functional Testing","tests/performance/performance.spec.js","",""
"","9387","13 Password clear and rewrite workflow","firefox","2026-06-01","passed","2026-06-01","Admin Functional Testing","tests/admin/admin.spec.js","",""
"","1777","6 My leave date input workflow","firefox","2026-06-01","passed","2026-06-01","Leave Functional Testing","tests/leave/leave.spec.js","",""
"","7393","7 Emergency contact required validation workflow","chromium","2026-06-01","passed","2026-06-01","My Info Functional Testing","tests/myinfo/myinfo.spec.js","",""
"","6382","4 Empty login form validation","firefox","2026-06-01","passed","2026-06-01","Authentication Functional Testing","tests/auth/auth.spec.js","",""
"","17328","13 Attendance summary employee autocomplete workflow","firefox","2026-06-01","passed","2026-06-01","Time Functional Testing","tests/time/time.spec.js","",""
"","19103","15 Add user form combined input workflow","chromium","2026-06-01","passed","2026-06-01","Admin Functional Testing","tests/admin/admin.spec.js","",""
"","15897","12 Attendance summary view workflow","webkit","2026-06-01","passed","2026-06-01","Time Functional Testing","tests/time/time.spec.js","",""
"","9286","2 Candidate name and email input workflow","webkit","2026-06-01","passed","2026-06-01","Recruitment Functional Testing","tests/recruitment/recruitment.spec.js","",""
"","2891","5 My leave status dropdown workflow","chromium","2026-06-01","passed","2026-06-01","Leave Functional Testing","tests/leave/leave.spec.js","",""
"","4184","10 Leave list employee autocomplete workflow","firefox","2026-06-01","passed","2026-06-01","Leave Functional Testing","tests/leave/leave.spec.js","",""
"","11675","12 Password mismatch validation workflow","webkit","2026-06-01","passed","2026-06-01","Admin Functional Testing","tests/admin/admin.spec.js","",""
"","6957","9 Add user cancel workflow","firefox","2026-06-01","passed","2026-06-01","Admin Functional Testing","tests/admin/admin.spec.js","",""
"","39030","7 Edit emergency contact","chromium","2026-06-01","passed","2026-06-01","PIM Important Functional Testing","tests/pim/pim.spec.js","",""
"","1298","11 Leave list status dropdown workflow","webkit","2026-06-01","passed","2026-06-01","Leave Functional Testing","tests/leave/leave.spec.js","",""
"","14455","12 Immigration passport option workflow","webkit","2026-06-01","passed","2026-06-01","My Info Functional Testing","tests/myinfo/myinfo.spec.js","",""
"","14212","3 Invalid employee timesheet workflow","webkit","2026-06-01","passed","2026-06-01","Time Functional Testing","tests/time/time.spec.js","",""
"","6947","6 Contact city update workflow","chromium","2026-06-01","passed","2026-06-01","My Info Functional Testing","tests/myinfo/myinfo.spec.js","",""
"","27456","12 Vacancy required validation workflow","webkit","2026-06-01","passed","2026-06-01","Recruitment Functional Testing","tests/recruitment/recruitment.spec.js","",""
"","7219","7 KPI search job title dropdown workflow","firefox","2026-06-01","passed","2026-06-01","Performance Functional Testing","tests/performance/performance.spec.js","",""
"","5946","9 Tracker name input workflow","firefox","2026-06-01","passed","2026-06-01","Performance Functional Testing","tests/performance/performance.spec.js","",""
"","15589","11 Employee report autocomplete workflow","chromium","2026-06-01","passed","2026-06-01","Time Functional Testing","tests/time/time.spec.js","",""
"","3864","9 Leave list date workflow","chromium","2026-06-01","passed","2026-06-01","Leave Functional Testing","tests/leave/leave.spec.js","",""
"","8793","13 Qualification work experience validation workflow","firefox","2026-06-01","passed","2026-06-01","My Info Functional Testing","tests/myinfo/myinfo.spec.js","",""
"","6987","8 Clear wrong credentials and login again","firefox","2026-06-01","passed","2026-06-01","Authentication Functional Testing","tests/auth/auth.spec.js","",""
"","7198","15 Review page form visibility workflow","chromium","2026-06-01","passed","2026-06-01","Performance Functional Testing","tests/performance/performance.spec.js","",""
"","14337","12 Attendance summary view workflow","chromium","2026-06-01","passed","2026-06-01","Time Functional Testing","tests/time/time.spec.js","",""
"","10673","2 Invalid username search workflow","webkit","2026-06-01","passed","2026-06-01","Admin Functional Testing","tests/admin/admin.spec.js","",""
